<rts.Trace>
  <entries>
    <rts.TraceEntry time = "0">
      <rts.PhysicalGameState width="8" height="8">
        <terrain>0000000000000000000000000000000000000000000000000000000000000000</terrain>
        <players>
          <rts.Player ID="0" resources="5">
          </rts.Player>
          <rts.Player ID="1" resources="5">
          </rts.Player>
        </players>
        <units>
          <rts.units.Unit type="Resource" ID="4" player="-1" x="0" y="2" resources="20" hitpoints="1" >
          </rts.units.Unit>
          <rts.units.Unit type="Resource" ID="5" player="-1" x="7" y="5" resources="20" hitpoints="1" >
          </rts.units.Unit>
          <rts.units.Unit type="Base" ID="6" player="0" x="2" y="3" resources="0" hitpoints="10" >
          </rts.units.Unit>
          <rts.units.Unit type="Base" ID="7" player="1" x="5" y="4" resources="0" hitpoints="10" >
          </rts.units.Unit>
          <rts.units.Unit type="Worker" ID="8" player="0" x="1" y="1" resources="0" hitpoints="1" >
          </rts.units.Unit>
          <rts.units.Unit type="Worker" ID="9" player="1" x="6" y="6" resources="0" hitpoints="1" >
          </rts.units.Unit>
        </units>
      </rts.PhysicalGameState>
      <actions>
      </actions>
    </rts.TraceEntry>
    <rts.TraceEntry time = "0">
      <rts.PhysicalGameState width="8" height="8">
        <terrain>0000000000000000000000000000000000000000000000000000000000000000</terrain>
        <players>
          <rts.Player ID="0" resources="5">
          </rts.Player>
          <rts.Player ID="1" resources="5">
          </rts.Player>
        </players>
        <units>
          <rts.units.Unit type="Resource" ID="4" player="-1" x="0" y="2" resources="20" hitpoints="1" >
          </rts.units.Unit>
          <rts.units.Unit type="Resource" ID="5" player="-1" x="7" y="5" resources="20" hitpoints="1" >
          </rts.units.Unit>
          <rts.units.Unit type="Base" ID="6" player="0" x="2" y="3" resources="0" hitpoints="10" >
          </rts.units.Unit>
          <rts.units.Unit type="Base" ID="7" player="1" x="5" y="4" resources="0" hitpoints="10" >
          </rts.units.Unit>
          <rts.units.Unit type="Worker" ID="8" player="0" x="1" y="1" resources="0" hitpoints="1" >
          </rts.units.Unit>
          <rts.units.Unit type="Worker" ID="9" player="1" x="6" y="6" resources="0" hitpoints="1" >
          </rts.units.Unit>
        </units>
      </rts.PhysicalGameState>
      <actions>
        <action unitID="6">
          <UnitAction type="4" parameter="0" unitType="Worker">
          </UnitAction>
        </action>
        <action unitID="8">
          <UnitAction type="1" parameter="3">
          </UnitAction>
        </action>
        <action unitID="9">
          <UnitAction type="1" parameter="3">
          </UnitAction>
        </action>
        <action unitID="7">
          <UnitAction type="0" parameter="10">
          </UnitAction>
        </action>
      </actions>
    </rts.TraceEntry>
    <rts.TraceEntry time = "10">
      <rts.PhysicalGameState width="8" height="8">
        <terrain>0000000000000000000000000000000000000000000000000000000000000000</terrain>
        <players>
          <rts.Player ID="0" resources="5">
          </rts.Player>
          <rts.Player ID="1" resources="5">
          </rts.Player>
        </players>
        <units>
          <rts.units.Unit type="Resource" ID="4" player="-1" x="0" y="2" resources="20" hitpoints="1" >
          </rts.units.Unit>
          <rts.units.Unit type="Resource" ID="5" player="-1" x="7" y="5" resources="20" hitpoints="1" >
          </rts.units.Unit>
          <rts.units.Unit type="Base" ID="6" player="0" x="2" y="3" resources="0" hitpoints="10" >
          </rts.units.Unit>
          <rts.units.Unit type="Base" ID="7" player="1" x="5" y="4" resources="0" hitpoints="10" >
          </rts.units.Unit>
          <rts.units.Unit type="Worker" ID="8" player="0" x="0" y="1" resources="0" hitpoints="1" >
          </rts.units.Unit>
          <rts.units.Unit type="Worker" ID="9" player="1" x="5" y="6" resources="0" hitpoints="1" >
          </rts.units.Unit>
        </units>
      </rts.PhysicalGameState>
      <actions>
        <action unitID="8">
          <UnitAction type="2" parameter="2">
          </UnitAction>
        </action>
        <action unitID="9">
          <UnitAction type="4" parameter="0" unitType="Barracks">
          </UnitAction>
        </action>
        <action unitID="7">
          <UnitAction type="0" parameter="10">
          </UnitAction>
        </action>
      </actions>
    </rts.TraceEntry>
    <rts.TraceEntry time = "20">
      <rts.PhysicalGameState width="8" height="8">
        <terrain>0000000000000000000000000000000000000000000000000000000000000000</terrain>
        <players>
          <rts.Player ID="0" resources="5">
          </rts.Player>
          <rts.Player ID="1" resources="5">
          </rts.Player>
        </players>
        <units>
          <rts.units.Unit type="Resource" ID="4" player="-1" x="0" y="2" resources="20" hitpoints="1" >
          </rts.units.Unit>
          <rts.units.Unit type="Resource" ID="5" player="-1" x="7" y="5" resources="20" hitpoints="1" >
          </rts.units.Unit>
          <rts.units.Unit type="Base" ID="6" player="0" x="2" y="3" resources="0" hitpoints="10" >
          </rts.units.Unit>
          <rts.units.Unit type="Base" ID="7" player="1" x="5" y="4" resources="0" hitpoints="10" >
          </rts.units.Unit>
          <rts.units.Unit type="Worker" ID="8" player="0" x="0" y="1" resources="0" hitpoints="1" >
          </rts.units.Unit>
          <rts.units.Unit type="Worker" ID="9" player="1" x="5" y="6" resources="0" hitpoints="1" >
          </rts.units.Unit>
        </units>
      </rts.PhysicalGameState>
      <actions>
        <action unitID="7">
          <UnitAction type="0" parameter="10">
          </UnitAction>
        </action>
      </actions>
    </rts.TraceEntry>
    <rts.TraceEntry time = "30">
      <rts.PhysicalGameState width="8" height="8">
        <terrain>0000000000000000000000000000000000000000000000000000000000000000</terrain>
        <players>
          <rts.Player ID="0" resources="5">
          </rts.Player>
          <rts.Player ID="1" resources="5">
          </rts.Player>
        </players>
        <units>
          <rts.units.Unit type="Resource" ID="4" player="-1" x="0" y="2" resources="19" hitpoints="1" >
          </rts.units.Unit>
          <rts.units.Unit type="Resource" ID="5" player="-1" x="7" y="5" resources="20" hitpoints="1" >
          </rts.units.Unit>
          <rts.units.Unit type="Base" ID="6" player="0" x="2" y="3" resources="0" hitpoints="10" >
          </rts.units.Unit>
          <rts.units.Unit type="Base" ID="7" player="1" x="5" y="4" resources="0" hitpoints="10" >
          </rts.units.Unit>
          <rts.units.Unit type="Worker" ID="8" player="0" x="0" y="1" resources="1" hitpoints="1" >
          </rts.units.Unit>
          <rts.units.Unit type="Worker" ID="9" player="1" x="5" y="6" resources="0" hitpoints="1" >
          </rts.units.Unit>
        </units>
      </rts.PhysicalGameState>
      <actions>
        <action unitID="8">
          <UnitAction type="1" parameter="1">
          </UnitAction>
        </action>
        <action unitID="7">
          <UnitAction type="0" parameter="10">
          </UnitAction>
        </action>
      </actions>
    </rts.TraceEntry>
    <rts.TraceEntry time = "40">
      <rts.PhysicalGameState width="8" height="8">
        <terrain>0000000000000000000000000000000000000000000000000000000000000000</terrain>
        <players>
          <rts.Player ID="0" resources="5">
          </rts.Player>
          <rts.Player ID="1" resources="5">
          </rts.Player>
        </players>
        <units>
          <rts.units.Unit type="Resource" ID="4" player="-1" x="0" y="2" resources="19" hitpoints="1" >
          </rts.units.Unit>
          <rts.units.Unit type="Resource" ID="5" player="-1" x="7" y="5" resources="20" hitpoints="1" >
          </rts.units.Unit>
          <rts.units.Unit type="Base" ID="6" player="0" x="2" y="3" resources="0" hitpoints="10" >
          </rts.units.Unit>
          <rts.units.Unit type="Base" ID="7" player="1" x="5" y="4" resources="0" hitpoints="10" >
          </rts.units.Unit>
          <rts.units.Unit type="Worker" ID="8" player="0" x="1" y="1" resources="1" hitpoints="1" >
          </rts.units.Unit>
          <rts.units.Unit type="Worker" ID="9" player="1" x="5" y="6" resources="0" hitpoints="1" >
          </rts.units.Unit>
        </units>
      </rts.PhysicalGameState>
      <actions>
        <action unitID="8">
          <UnitAction type="1" parameter="2">
          </UnitAction>
        </action>
        <action unitID="7">
          <UnitAction type="0" parameter="10">
          </UnitAction>
        </action>
      </actions>
    </rts.TraceEntry>
    <rts.TraceEntry time = "50">
      <rts.PhysicalGameState width="8" height="8">
        <terrain>0000000000000000000000000000000000000000000000000000000000000000</terrain>
        <players>
          <rts.Player ID="0" resources="4">
          </rts.Player>
          <rts.Player ID="1" resources="5">
          </rts.Player>
        </players>
        <units>
          <rts.units.Unit type="Resource" ID="4" player="-1" x="0" y="2" resources="19" hitpoints="1" >
          </rts.units.Unit>
          <rts.units.Unit type="Resource" ID="5" player="-1" x="7" y="5" resources="20" hitpoints="1" >
          </rts.units.Unit>
          <rts.units.Unit type="Base" ID="6" player="0" x="2" y="3" resources="0" hitpoints="10" >
          </rts.units.Unit>
          <rts.units.Unit type="Base" ID="7" player="1" x="5" y="4" resources="0" hitpoints="10" >
          </rts.units.Unit>
          <rts.units.Unit type="Worker" ID="8" player="0" x="1" y="2" resources="1" hitpoints="1" >
          </rts.units.Unit>
          <rts.units.Unit type="Worker" ID="9" player="1" x="5" y="6" resources="0" hitpoints="1" >
          </rts.units.Unit>
          <rts.units.Unit type="Worker" ID="42" player="0" x="2" y="2" resources="0" hitpoints="1" >
          </rts.units.Unit>
        </units>
      </rts.PhysicalGameState>
      <actions>
        <action unitID="8">
          <UnitAction type="1" parameter="2">
          </UnitAction>
        </action>
        <action unitID="42">
          <UnitAction type="1" parameter="1">
          </UnitAction>
        </action>
        <action unitID="6">
          <UnitAction type="0" parameter="10">
          </UnitAction>
        </action>
        <action unitID="7">
          <UnitAction type="0" parameter="10">
          </UnitAction>
        </action>
      </actions>
    </rts.TraceEntry>
    <rts.TraceEntry time = "60">
      <rts.PhysicalGameState width="8" height="8">
        <terrain>0000000000000000000000000000000000000000000000000000000000000000</terrain>
        <players>
          <rts.Player ID="0" resources="4">
          </rts.Player>
          <rts.Player ID="1" resources="5">
          </rts.Player>
        </players>
        <units>
          <rts.units.Unit type="Resource" ID="4" player="-1" x="0" y="2" resources="19" hitpoints="1" >
          </rts.units.Unit>
          <rts.units.Unit type="Resource" ID="5" player="-1" x="7" y="5" resources="20" hitpoints="1" >
          </rts.units.Unit>
          <rts.units.Unit type="Base" ID="6" player="0" x="2" y="3" resources="0" hitpoints="10" >
          </rts.units.Unit>
          <rts.units.Unit type="Base" ID="7" player="1" x="5" y="4" resources="0" hitpoints="10" >
          </rts.units.Unit>
          <rts.units.Unit type="Worker" ID="8" player="0" x="1" y="3" resources="1" hitpoints="1" >
          </rts.units.Unit>
          <rts.units.Unit type="Worker" ID="9" player="1" x="5" y="6" resources="0" hitpoints="1" >
          </rts.units.Unit>
          <rts.units.Unit type="Worker" ID="42" player="0" x="3" y="2" resources="0" hitpoints="1" >
          </rts.units.Unit>
        </units>
      </rts.PhysicalGameState>
      <actions>
        <action unitID="8">
          <UnitAction type="3" parameter="1">
          </UnitAction>
        </action>
        <action unitID="42">
          <UnitAction type="1" parameter="1">
          </UnitAction>
        </action>
        <action unitID="6">
          <UnitAction type="4" parameter="0" unitType="Worker">
          </UnitAction>
        </action>
        <action unitID="7">
          <UnitAction type="0" parameter="10">
          </UnitAction>
        </action>
      </actions>
    </rts.TraceEntry>
    <rts.TraceEntry time = "70">
      <rts.PhysicalGameState width="8" height="8">
        <terrain>0000000000000000000000000000000000000000000000000000000000000000</terrain>
        <players>
          <rts.Player ID="0" resources="5">
          </rts.Player>
          <rts.Player ID="1" resources="5">
          </rts.Player>
        </players>
        <units>
          <rts.units.Unit type="Resource" ID="4" player="-1" x="0" y="2" resources="19" hitpoints="1" >
          </rts.units.Unit>
          <rts.units.Unit type="Resource" ID="5" player="-1" x="7" y="5" resources="20" hitpoints="1" >
          </rts.units.Unit>
          <rts.units.Unit type="Base" ID="6" player="0" x="2" y="3" resources="0" hitpoints="10" >
          </rts.units.Unit>
          <rts.units.Unit type="Base" ID="7" player="1" x="5" y="4" resources="0" hitpoints="10" >
          </rts.units.Unit>
          <rts.units.Unit type="Worker" ID="8" player="0" x="1" y="3" resources="0" hitpoints="1" >
          </rts.units.Unit>
          <rts.units.Unit type="Worker" ID="9" player="1" x="5" y="6" resources="0" hitpoints="1" >
          </rts.units.Unit>
          <rts.units.Unit type="Worker" ID="42" player="0" x="4" y="2" resources="0" hitpoints="1" >
          </rts.units.Unit>
        </units>
      </rts.PhysicalGameState>
      <actions>
        <action unitID="8">
          <UnitAction type="1" parameter="3">
          </UnitAction>
        </action>
        <action unitID="42">
          <UnitAction type="1" parameter="1">
          </UnitAction>
        </action>
        <action unitID="7">
          <UnitAction type="0" parameter="10">
          </UnitAction>
        </action>
      </actions>
    </rts.TraceEntry>
    <rts.TraceEntry time = "80">
      <rts.PhysicalGameState width="8" height="8">
        <terrain>0000000000000000000000000000000000000000000000000000000000000000</terrain>
        <players>
          <rts.Player ID="0" resources="5">
          </rts.Player>
          <rts.Player ID="1" resources="5">
          </rts.Player>
        </players>
        <units>
          <rts.units.Unit type="Resource" ID="4" player="-1" x="0" y="2" resources="19" hitpoints="1" >
          </rts.units.Unit>
          <rts.units.Unit type="Resource" ID="5" player="-1" x="7" y="5" resources="20" hitpoints="1" >
          </rts.units.Unit>
          <rts.units.Unit type="Base" ID="6" player="0" x="2" y="3" resources="0" hitpoints="10" >
          </rts.units.Unit>
          <rts.units.Unit type="Base" ID="7" player="1" x="5" y="4" resources="0" hitpoints="10" >
          </rts.units.Unit>
          <rts.units.Unit type="Worker" ID="8" player="0" x="0" y="3" resources="0" hitpoints="1" >
          </rts.units.Unit>
          <rts.units.Unit type="Worker" ID="9" player="1" x="5" y="6" resources="0" hitpoints="1" >
          </rts.units.Unit>
          <rts.units.Unit type="Worker" ID="42" player="0" x="5" y="2" resources="0" hitpoints="1" >
          </rts.units.Unit>
        </units>
      </rts.PhysicalGameState>
      <actions>
        <action unitID="8">
          <UnitAction type="2" parameter="0">
          </UnitAction>
        </action>
        <action unitID="42">
          <UnitAction type="1" parameter="2">
          </UnitAction>
        </action>
        <action unitID="7">
          <UnitAction type="0" parameter="10">
          </UnitAction>
        </action>
      </actions>
    </rts.TraceEntry>
    <rts.TraceEntry time = "90">
      <rts.PhysicalGameState width="8" height="8">
        <terrain>0000000000000000000000000000000000000000000000000000000000000000</terrain>
        <players>
          <rts.Player ID="0" resources="5">
          </rts.Player>
          <rts.Player ID="1" resources="5">
          </rts.Player>
        </players>
        <units>
          <rts.units.Unit type="Resource" ID="4" player="-1" x="0" y="2" resources="19" hitpoints="1" >
          </rts.units.Unit>
          <rts.units.Unit type="Resource" ID="5" player="-1" x="7" y="5" resources="20" hitpoints="1" >
          </rts.units.Unit>
          <rts.units.Unit type="Base" ID="6" player="0" x="2" y="3" resources="0" hitpoints="10" >
          </rts.units.Unit>
          <rts.units.Unit type="Base" ID="7" player="1" x="5" y="4" resources="0" hitpoints="10" >
          </rts.units.Unit>
          <rts.units.Unit type="Worker" ID="8" player="0" x="0" y="3" resources="0" hitpoints="1" >
          </rts.units.Unit>
          <rts.units.Unit type="Worker" ID="9" player="1" x="5" y="6" resources="0" hitpoints="1" >
          </rts.units.Unit>
          <rts.units.Unit type="Worker" ID="42" player="0" x="5" y="3" resources="0" hitpoints="1" >
          </rts.units.Unit>
        </units>
      </rts.PhysicalGameState>
      <actions>
        <action unitID="42">
          <UnitAction type="5" x="5" y="4">
          </UnitAction>
        </action>
        <action unitID="7">
          <UnitAction type="0" parameter="10">
          </UnitAction>
        </action>
      </actions>
    </rts.TraceEntry>
    <rts.TraceEntry time = "95">
      <rts.PhysicalGameState width="8" height="8">
        <terrain>0000000000000000000000000000000000000000000000000000000000000000</terrain>
        <players>
          <rts.Player ID="0" resources="5">
          </rts.Player>
          <rts.Player ID="1" resources="5">
          </rts.Player>
        </players>
        <units>
          <rts.units.Unit type="Resource" ID="4" player="-1" x="0" y="2" resources="19" hitpoints="1" >
          </rts.units.Unit>
          <rts.units.Unit type="Resource" ID="5" player="-1" x="7" y="5" resources="20" hitpoints="1" >
          </rts.units.Unit>
          <rts.units.Unit type="Base" ID="6" player="0" x="2" y="3" resources="0" hitpoints="10" >
          </rts.units.Unit>
          <rts.units.Unit type="Base" ID="7" player="1" x="5" y="4" resources="0" hitpoints="9" >
          </rts.units.Unit>
          <rts.units.Unit type="Worker" ID="8" player="0" x="0" y="3" resources="0" hitpoints="1" >
          </rts.units.Unit>
          <rts.units.Unit type="Worker" ID="9" player="1" x="5" y="6" resources="0" hitpoints="1" >
          </rts.units.Unit>
          <rts.units.Unit type="Worker" ID="42" player="0" x="5" y="3" resources="0" hitpoints="1" >
          </rts.units.Unit>
        </units>
      </rts.PhysicalGameState>
      <actions>
        <action unitID="42">
          <UnitAction type="5" x="5" y="4">
          </UnitAction>
        </action>
      </actions>
    </rts.TraceEntry>
    <rts.TraceEntry time = "100">
      <rts.PhysicalGameState width="8" height="8">
        <terrain>0000000000000000000000000000000000000000000000000000000000000000</terrain>
        <players>
          <rts.Player ID="0" resources="5">
          </rts.Player>
          <rts.Player ID="1" resources="5">
          </rts.Player>
        </players>
        <units>
          <rts.units.Unit type="Resource" ID="4" player="-1" x="0" y="2" resources="18" hitpoints="1" >
          </rts.units.Unit>
          <rts.units.Unit type="Resource" ID="5" player="-1" x="7" y="5" resources="20" hitpoints="1" >
          </rts.units.Unit>
          <rts.units.Unit type="Base" ID="6" player="0" x="2" y="3" resources="0" hitpoints="10" >
          </rts.units.Unit>
          <rts.units.Unit type="Base" ID="7" player="1" x="5" y="4" resources="0" hitpoints="8" >
          </rts.units.Unit>
          <rts.units.Unit type="Worker" ID="8" player="0" x="0" y="3" resources="1" hitpoints="1" >
          </rts.units.Unit>
          <rts.units.Unit type="Worker" ID="9" player="1" x="5" y="6" resources="0" hitpoints="1" >
          </rts.units.Unit>
          <rts.units.Unit type="Worker" ID="42" player="0" x="5" y="3" resources="0" hitpoints="1" >
          </rts.units.Unit>
        </units>
      </rts.PhysicalGameState>
      <actions>
        <action unitID="8">
          <UnitAction type="1" parameter="1">
          </UnitAction>
        </action>
        <action unitID="42">
          <UnitAction type="5" x="5" y="4">
          </UnitAction>
        </action>
        <action unitID="7">
          <UnitAction type="0" parameter="10">
          </UnitAction>
        </action>
      </actions>
    </rts.TraceEntry>
    <rts.TraceEntry time = "105">
      <rts.PhysicalGameState width="8" height="8">
        <terrain>0000000000000000000000000000000000000000000000000000000000000000</terrain>
        <players>
          <rts.Player ID="0" resources="5">
          </rts.Player>
          <rts.Player ID="1" resources="5">
          </rts.Player>
        </players>
        <units>
          <rts.units.Unit type="Resource" ID="4" player="-1" x="0" y="2" resources="18" hitpoints="1" >
          </rts.units.Unit>
          <rts.units.Unit type="Resource" ID="5" player="-1" x="7" y="5" resources="20" hitpoints="1" >
          </rts.units.Unit>
          <rts.units.Unit type="Base" ID="6" player="0" x="2" y="3" resources="0" hitpoints="10" >
          </rts.units.Unit>
          <rts.units.Unit type="Base" ID="7" player="1" x="5" y="4" resources="0" hitpoints="7" >
          </rts.units.Unit>
          <rts.units.Unit type="Worker" ID="8" player="0" x="0" y="3" resources="1" hitpoints="1" >
          </rts.units.Unit>
          <rts.units.Unit type="Worker" ID="9" player="1" x="5" y="6" resources="0" hitpoints="1" >
          </rts.units.Unit>
          <rts.units.Unit type="Worker" ID="42" player="0" x="5" y="3" resources="0" hitpoints="1" >
          </rts.units.Unit>
        </units>
      </rts.PhysicalGameState>
      <actions>
        <action unitID="42">
          <UnitAction type="5" x="5" y="4">
          </UnitAction>
        </action>
      </actions>
    </rts.TraceEntry>
    <rts.TraceEntry time = "110">
      <rts.PhysicalGameState width="8" height="8">
        <terrain>0000000000000000000000000000000000000000000000000000000000000000</terrain>
        <players>
          <rts.Player ID="0" resources="4">
          </rts.Player>
          <rts.Player ID="1" resources="0">
          </rts.Player>
        </players>
        <units>
          <rts.units.Unit type="Resource" ID="4" player="-1" x="0" y="2" resources="18" hitpoints="1" >
          </rts.units.Unit>
          <rts.units.Unit type="Resource" ID="5" player="-1" x="7" y="5" resources="20" hitpoints="1" >
          </rts.units.Unit>
          <rts.units.Unit type="Base" ID="6" player="0" x="2" y="3" resources="0" hitpoints="10" >
          </rts.units.Unit>
          <rts.units.Unit type="Base" ID="7" player="1" x="5" y="4" resources="0" hitpoints="6" >
          </rts.units.Unit>
          <rts.units.Unit type="Worker" ID="8" player="0" x="1" y="3" resources="1" hitpoints="1" >
          </rts.units.Unit>
          <rts.units.Unit type="Worker" ID="9" player="1" x="5" y="6" resources="0" hitpoints="1" >
          </rts.units.Unit>
          <rts.units.Unit type="Worker" ID="42" player="0" x="5" y="3" resources="0" hitpoints="1" >
          </rts.units.Unit>
          <rts.units.Unit type="Barracks" ID="43" player="1" x="5" y="5" resources="0" hitpoints="4" >
          </rts.units.Unit>
          <rts.units.Unit type="Worker" ID="44" player="0" x="2" y="2" resources="0" hitpoints="1" >
          </rts.units.Unit>
        </units>
      </rts.PhysicalGameState>
      <actions>
        <action unitID="8">
          <UnitAction type="3" parameter="1">
          </UnitAction>
        </action>
        <action unitID="42">
          <UnitAction type="5" x="5" y="4">
          </UnitAction>
        </action>
        <action unitID="6">
          <UnitAction type="4" parameter="1" unitType="Worker">
          </UnitAction>
        </action>
        <action unitID="44">
          <UnitAction type="1" parameter="1">
          </UnitAction>
        </action>
        <action unitID="9">
          <UnitAction type="1" parameter="1">
          </UnitAction>
        </action>
        <action unitID="7">
          <UnitAction type="0" parameter="10">
          </UnitAction>
        </action>
        <action unitID="43">
          <UnitAction type="0" parameter="10">
          </UnitAction>
        </action>
      </actions>
    </rts.TraceEntry>
    <rts.TraceEntry time = "115">
      <rts.PhysicalGameState width="8" height="8">
        <terrain>0000000000000000000000000000000000000000000000000000000000000000</terrain>
        <players>
          <rts.Player ID="0" resources="4">
          </rts.Player>
          <rts.Player ID="1" resources="0">
          </rts.Player>
        </players>
        <units>
          <rts.units.Unit type="Resource" ID="4" player="-1" x="0" y="2" resources="18" hitpoints="1" >
          </rts.units.Unit>
          <rts.units.Unit type="Resource" ID="5" player="-1" x="7" y="5" resources="20" hitpoints="1" >
          </rts.units.Unit>
          <rts.units.Unit type="Base" ID="6" player="0" x="2" y="3" resources="0" hitpoints="10" >
          </rts.units.Unit>
          <rts.units.Unit type="Base" ID="7" player="1" x="5" y="4" resources="0" hitpoints="5" >
          </rts.units.Unit>
          <rts.units.Unit type="Worker" ID="8" player="0" x="1" y="3" resources="1" hitpoints="1" >
          </rts.units.Unit>
          <rts.units.Unit type="Worker" ID="9" player="1" x="5" y="6" resources="0" hitpoints="1" >
          </rts.units.Unit>
          <rts.units.Unit type="Worker" ID="42" player="0" x="5" y="3" resources="0" hitpoints="1" >
          </rts.units.Unit>
          <rts.units.Unit type="Barracks" ID="43" player="1" x="5" y="5" resources="0" hitpoints="4" >
          </rts.units.Unit>
          <rts.units.Unit type="Worker" ID="44" player="0" x="2" y="2" resources="0" hitpoints="1" >
          </rts.units.Unit>
        </units>
      </rts.PhysicalGameState>
      <actions>
        <action unitID="42">
          <UnitAction type="5" x="5" y="4">
          </UnitAction>
        </action>
      </actions>
    </rts.TraceEntry>
    <rts.TraceEntry time = "120">
      <rts.PhysicalGameState width="8" height="8">
        <terrain>0000000000000000000000000000000000000000000000000000000000000000</terrain>
        <players>
          <rts.Player ID="0" resources="5">
          </rts.Player>
          <rts.Player ID="1" resources="0">
          </rts.Player>
        </players>
        <units>
          <rts.units.Unit type="Resource" ID="4" player="-1" x="0" y="2" resources="18" hitpoints="1" >
          </rts.units.Unit>
          <rts.units.Unit type="Resource" ID="5" player="-1" x="7" y="5" resources="20" hitpoints="1" >
          </rts.units.Unit>
          <rts.units.Unit type="Base" ID="6" player="0" x="2" y="3" resources="0" hitpoints="10" >
          </rts.units.Unit>
          <rts.units.Unit type="Base" ID="7" player="1" x="5" y="4" resources="0" hitpoints="4" >
          </rts.units.Unit>
          <rts.units.Unit type="Worker" ID="8" player="0" x="1" y="3" resources="0" hitpoints="1" >
          </rts.units.Unit>
          <rts.units.Unit type="Worker" ID="9" player="1" x="6" y="6" resources="0" hitpoints="1" >
          </rts.units.Unit>
          <rts.units.Unit type="Worker" ID="42" player="0" x="5" y="3" resources="0" hitpoints="1" >
          </rts.units.Unit>
          <rts.units.Unit type="Barracks" ID="43" player="1" x="5" y="5" resources="0" hitpoints="4" >
          </rts.units.Unit>
          <rts.units.Unit type="Worker" ID="44" player="0" x="3" y="2" resources="0" hitpoints="1" >
          </rts.units.Unit>
        </units>
      </rts.PhysicalGameState>
      <actions>
        <action unitID="8">
          <UnitAction type="1" parameter="3">
          </UnitAction>
        </action>
        <action unitID="42">
          <UnitAction type="5" x="5" y="4">
          </UnitAction>
        </action>
        <action unitID="44">
          <UnitAction type="1" parameter="1">
          </UnitAction>
        </action>
        <action unitID="9">
          <UnitAction type="1" parameter="0">
          </UnitAction>
        </action>
        <action unitID="7">
          <UnitAction type="0" parameter="10">
          </UnitAction>
        </action>
        <action unitID="43">
          <UnitAction type="0" parameter="10">
          </UnitAction>
        </action>
      </actions>
    </rts.TraceEntry>
    <rts.TraceEntry time = "125">
      <rts.PhysicalGameState width="8" height="8">
        <terrain>0000000000000000000000000000000000000000000000000000000000000000</terrain>
        <players>
          <rts.Player ID="0" resources="5">
          </rts.Player>
          <rts.Player ID="1" resources="0">
          </rts.Player>
        </players>
        <units>
          <rts.units.Unit type="Resource" ID="4" player="-1" x="0" y="2" resources="18" hitpoints="1" >
          </rts.units.Unit>
          <rts.units.Unit type="Resource" ID="5" player="-1" x="7" y="5" resources="20" hitpoints="1" >
          </rts.units.Unit>
          <rts.units.Unit type="Base" ID="6" player="0" x="2" y="3" resources="0" hitpoints="10" >
          </rts.units.Unit>
          <rts.units.Unit type="Base" ID="7" player="1" x="5" y="4" resources="0" hitpoints="3" >
          </rts.units.Unit>
          <rts.units.Unit type="Worker" ID="8" player="0" x="1" y="3" resources="0" hitpoints="1" >
          </rts.units.Unit>
          <rts.units.Unit type="Worker" ID="9" player="1" x="6" y="6" resources="0" hitpoints="1" >
          </rts.units.Unit>
          <rts.units.Unit type="Worker" ID="42" player="0" x="5" y="3" resources="0" hitpoints="1" >
          </rts.units.Unit>
          <rts.units.Unit type="Barracks" ID="43" player="1" x="5" y="5" resources="0" hitpoints="4" >
          </rts.units.Unit>
          <rts.units.Unit type="Worker" ID="44" player="0" x="3" y="2" resources="0" hitpoints="1" >
          </rts.units.Unit>
        </units>
      </rts.PhysicalGameState>
      <actions>
        <action unitID="42">
          <UnitAction type="5" x="5" y="4">
          </UnitAction>
        </action>
      </actions>
    </rts.TraceEntry>
    <rts.TraceEntry time = "130">
      <rts.PhysicalGameState width="8" height="8">
        <terrain>0000000000000000000000000000000000000000000000000000000000000000</terrain>
        <players>
          <rts.Player ID="0" resources="5">
          </rts.Player>
          <rts.Player ID="1" resources="0">
          </rts.Player>
        </players>
        <units>
          <rts.units.Unit type="Resource" ID="4" player="-1" x="0" y="2" resources="18" hitpoints="1" >
          </rts.units.Unit>
          <rts.units.Unit type="Resource" ID="5" player="-1" x="7" y="5" resources="20" hitpoints="1" >
          </rts.units.Unit>
          <rts.units.Unit type="Base" ID="6" player="0" x="2" y="3" resources="0" hitpoints="10" >
          </rts.units.Unit>
          <rts.units.Unit type="Base" ID="7" player="1" x="5" y="4" resources="0" hitpoints="2" >
          </rts.units.Unit>
          <rts.units.Unit type="Worker" ID="8" player="0" x="0" y="3" resources="0" hitpoints="1" >
          </rts.units.Unit>
          <rts.units.Unit type="Worker" ID="9" player="1" x="6" y="5" resources="0" hitpoints="1" >
          </rts.units.Unit>
          <rts.units.Unit type="Worker" ID="42" player="0" x="5" y="3" resources="0" hitpoints="1" >
          </rts.units.Unit>
          <rts.units.Unit type="Barracks" ID="43" player="1" x="5" y="5" resources="0" hitpoints="4" >
          </rts.units.Unit>
          <rts.units.Unit type="Worker" ID="44" player="0" x="4" y="2" resources="0" hitpoints="1" >
          </rts.units.Unit>
        </units>
      </rts.PhysicalGameState>
      <actions>
        <action unitID="8">
          <UnitAction type="2" parameter="0">
          </UnitAction>
        </action>
        <action unitID="42">
          <UnitAction type="5" x="5" y="4">
          </UnitAction>
        </action>
        <action unitID="44">
          <UnitAction type="1" parameter="1">
          </UnitAction>
        </action>
        <action unitID="9">
          <UnitAction type="2" parameter="1">
          </UnitAction>
        </action>
        <action unitID="7">
          <UnitAction type="0" parameter="10">
          </UnitAction>
        </action>
        <action unitID="43">
          <UnitAction type="0" parameter="10">
          </UnitAction>
        </action>
      </actions>
    </rts.TraceEntry>
    <rts.TraceEntry time = "135">
      <rts.PhysicalGameState width="8" height="8">
        <terrain>0000000000000000000000000000000000000000000000000000000000000000</terrain>
        <players>
          <rts.Player ID="0" resources="5">
          </rts.Player>
          <rts.Player ID="1" resources="0">
          </rts.Player>
        </players>
        <units>
          <rts.units.Unit type="Resource" ID="4" player="-1" x="0" y="2" resources="18" hitpoints="1" >
          </rts.units.Unit>
          <rts.units.Unit type="Resource" ID="5" player="-1" x="7" y="5" resources="20" hitpoints="1" >
          </rts.units.Unit>
          <rts.units.Unit type="Base" ID="6" player="0" x="2" y="3" resources="0" hitpoints="10" >
          </rts.units.Unit>
          <rts.units.Unit type="Base" ID="7" player="1" x="5" y="4" resources="0" hitpoints="1" >
          </rts.units.Unit>
          <rts.units.Unit type="Worker" ID="8" player="0" x="0" y="3" resources="0" hitpoints="1" >
          </rts.units.Unit>
          <rts.units.Unit type="Worker" ID="9" player="1" x="6" y="5" resources="0" hitpoints="1" >
          </rts.units.Unit>
          <rts.units.Unit type="Worker" ID="42" player="0" x="5" y="3" resources="0" hitpoints="1" >
          </rts.units.Unit>
          <rts.units.Unit type="Barracks" ID="43" player="1" x="5" y="5" resources="0" hitpoints="4" >
          </rts.units.Unit>
          <rts.units.Unit type="Worker" ID="44" player="0" x="4" y="2" resources="0" hitpoints="1" >
          </rts.units.Unit>
        </units>
      </rts.PhysicalGameState>
      <actions>
        <action unitID="42">
          <UnitAction type="5" x="5" y="4">
          </UnitAction>
        </action>
      </actions>
    </rts.TraceEntry>
    <rts.TraceEntry time = "140">
      <rts.PhysicalGameState width="8" height="8">
        <terrain>0000000000000000000000000000000000000000000000000000000000000000</terrain>
        <players>
          <rts.Player ID="0" resources="5">
          </rts.Player>
          <rts.Player ID="1" resources="0">
          </rts.Player>
        </players>
        <units>
          <rts.units.Unit type="Resource" ID="4" player="-1" x="0" y="2" resources="18" hitpoints="1" >
          </rts.units.Unit>
          <rts.units.Unit type="Resource" ID="5" player="-1" x="7" y="5" resources="20" hitpoints="1" >
          </rts.units.Unit>
          <rts.units.Unit type="Base" ID="6" player="0" x="2" y="3" resources="0" hitpoints="10" >
          </rts.units.Unit>
          <rts.units.Unit type="Worker" ID="8" player="0" x="0" y="3" resources="0" hitpoints="1" >
          </rts.units.Unit>
          <rts.units.Unit type="Worker" ID="9" player="1" x="6" y="5" resources="0" hitpoints="1" >
          </rts.units.Unit>
          <rts.units.Unit type="Worker" ID="42" player="0" x="5" y="3" resources="0" hitpoints="1" >
          </rts.units.Unit>
          <rts.units.Unit type="Barracks" ID="43" player="1" x="5" y="5" resources="0" hitpoints="4" >
          </rts.units.Unit>
          <rts.units.Unit type="Worker" ID="44" player="0" x="5" y="2" resources="0" hitpoints="1" >
          </rts.units.Unit>
        </units>
      </rts.PhysicalGameState>
      <actions>
        <action unitID="42">
          <UnitAction type="1" parameter="2">
          </UnitAction>
        </action>
        <action unitID="44">
          <UnitAction type="1" parameter="3">
          </UnitAction>
        </action>
        <action unitID="43">
          <UnitAction type="0" parameter="10">
          </UnitAction>
        </action>
      </actions>
    </rts.TraceEntry>
    <rts.TraceEntry time = "150">
      <rts.PhysicalGameState width="8" height="8">
        <terrain>0000000000000000000000000000000000000000000000000000000000000000</terrain>
        <players>
          <rts.Player ID="0" resources="5">
          </rts.Player>
          <rts.Player ID="1" resources="0">
          </rts.Player>
        </players>
        <units>
          <rts.units.Unit type="Resource" ID="4" player="-1" x="0" y="2" resources="17" hitpoints="1" >
          </rts.units.Unit>
          <rts.units.Unit type="Resource" ID="5" player="-1" x="7" y="5" resources="19" hitpoints="1" >
          </rts.units.Unit>
          <rts.units.Unit type="Base" ID="6" player="0" x="2" y="3" resources="0" hitpoints="10" >
          </rts.units.Unit>
          <rts.units.Unit type="Worker" ID="8" player="0" x="0" y="3" resources="1" hitpoints="1" >
          </rts.units.Unit>
          <rts.units.Unit type="Worker" ID="9" player="1" x="6" y="5" resources="1" hitpoints="1" >
          </rts.units.Unit>
          <rts.units.Unit type="Worker" ID="42" player="0" x="5" y="4" resources="0" hitpoints="1" >
          </rts.units.Unit>
          <rts.units.Unit type="Barracks" ID="43" player="1" x="5" y="5" resources="0" hitpoints="4" >
          </rts.units.Unit>
          <rts.units.Unit type="Worker" ID="44" player="0" x="4" y="2" resources="0" hitpoints="1" >
          </rts.units.Unit>
        </units>
      </rts.PhysicalGameState>
      <actions>
        <action unitID="8">
          <UnitAction type="1" parameter="1">
          </UnitAction>
        </action>
        <action unitID="42">
          <UnitAction type="5" x="5" y="5">
          </UnitAction>
        </action>
        <action unitID="44">
          <UnitAction type="1" parameter="2">
          </UnitAction>
        </action>
        <action unitID="9">
          <UnitAction type="1" parameter="0">
          </UnitAction>
        </action>
        <action unitID="43">
          <UnitAction type="0" parameter="10">
          </UnitAction>
        </action>
      </actions>
    </rts.TraceEntry>
    <rts.TraceEntry time = "155">
      <rts.PhysicalGameState width="8" height="8">
        <terrain>0000000000000000000000000000000000000000000000000000000000000000</terrain>
        <players>
          <rts.Player ID="0" resources="5">
          </rts.Player>
          <rts.Player ID="1" resources="0">
          </rts.Player>
        </players>
        <units>
          <rts.units.Unit type="Resource" ID="4" player="-1" x="0" y="2" resources="17" hitpoints="1" >
          </rts.units.Unit>
          <rts.units.Unit type="Resource" ID="5" player="-1" x="7" y="5" resources="19" hitpoints="1" >
          </rts.units.Unit>
          <rts.units.Unit type="Base" ID="6" player="0" x="2" y="3" resources="0" hitpoints="10" >
          </rts.units.Unit>
          <rts.units.Unit type="Worker" ID="8" player="0" x="0" y="3" resources="1" hitpoints="1" >
          </rts.units.Unit>
          <rts.units.Unit type="Worker" ID="9" player="1" x="6" y="5" resources="1" hitpoints="1" >
          </rts.units.Unit>
          <rts.units.Unit type="Worker" ID="42" player="0" x="5" y="4" resources="0" hitpoints="1" >
          </rts.units.Unit>
          <rts.units.Unit type="Barracks" ID="43" player="1" x="5" y="5" resources="0" hitpoints="3" >
          </rts.units.Unit>
          <rts.units.Unit type="Worker" ID="44" player="0" x="4" y="2" resources="0" hitpoints="1" >
          </rts.units.Unit>
        </units>
      </rts.PhysicalGameState>
      <actions>
        <action unitID="42">
          <UnitAction type="5" x="5" y="5">
          </UnitAction>
        </action>
      </actions>
    </rts.TraceEntry>
    <rts.TraceEntry time = "160">
      <rts.PhysicalGameState width="8" height="8">
        <terrain>0000000000000000000000000000000000000000000000000000000000000000</terrain>
        <players>
          <rts.Player ID="0" resources="4">
          </rts.Player>
          <rts.Player ID="1" resources="0">
          </rts.Player>
        </players>
        <units>
          <rts.units.Unit type="Resource" ID="4" player="-1" x="0" y="2" resources="17" hitpoints="1" >
          </rts.units.Unit>
          <rts.units.Unit type="Resource" ID="5" player="-1" x="7" y="5" resources="19" hitpoints="1" >
          </rts.units.Unit>
          <rts.units.Unit type="Base" ID="6" player="0" x="2" y="3" resources="0" hitpoints="10" >
          </rts.units.Unit>
          <rts.units.Unit type="Worker" ID="8" player="0" x="1" y="3" resources="1" hitpoints="1" >
          </rts.units.Unit>
          <rts.units.Unit type="Worker" ID="9" player="1" x="6" y="4" resources="1" hitpoints="1" >
          </rts.units.Unit>
          <rts.units.Unit type="Worker" ID="42" player="0" x="5" y="4" resources="0" hitpoints="1" >
          </rts.units.Unit>
          <rts.units.Unit type="Barracks" ID="43" player="1" x="5" y="5" resources="0" hitpoints="2" >
          </rts.units.Unit>
          <rts.units.Unit type="Worker" ID="44" player="0" x="4" y="3" resources="0" hitpoints="1" >
          </rts.units.Unit>
          <rts.units.Unit type="Worker" ID="45" player="0" x="3" y="3" resources="0" hitpoints="1" >
          </rts.units.Unit>
        </units>
      </rts.PhysicalGameState>
      <actions>
        <action unitID="8">
          <UnitAction type="3" parameter="1">
          </UnitAction>
        </action>
        <action unitID="42">
          <UnitAction type="5" x="6" y="4">
          </UnitAction>
        </action>
        <action unitID="44">
          <UnitAction type="1" parameter="1">
          </UnitAction>
        </action>
        <action unitID="6">
          <UnitAction type="4" parameter="0" unitType="Worker">
          </UnitAction>
        </action>
        <action unitID="45">
          <UnitAction type="1" parameter="0">
          </UnitAction>
        </action>
        <action unitID="9">
          <UnitAction type="3" parameter="3">
          </UnitAction>
        </action>
        <action unitID="43">
          <UnitAction type="0" parameter="10">
          </UnitAction>
        </action>
      </actions>
    </rts.TraceEntry>
    <rts.TraceEntry time = "165">
      <rts.PhysicalGameState width="8" height="8">
        <terrain>0000000000000000000000000000000000000000000000000000000000000000</terrain>
        <players>
          <rts.Player ID="0" resources="4">
          </rts.Player>
          <rts.Player ID="1" resources="0">
          </rts.Player>
        </players>
        <units>
          <rts.units.Unit type="Resource" ID="4" player="-1" x="0" y="2" resources="17" hitpoints="1" >
          </rts.units.Unit>
          <rts.units.Unit type="Resource" ID="5" player="-1" x="7" y="5" resources="19" hitpoints="1" >
          </rts.units.Unit>
          <rts.units.Unit type="Base" ID="6" player="0" x="2" y="3" resources="0" hitpoints="10" >
          </rts.units.Unit>
          <rts.units.Unit type="Worker" ID="8" player="0" x="1" y="3" resources="1" hitpoints="1" >
          </rts.units.Unit>
          <rts.units.Unit type="Worker" ID="42" player="0" x="5" y="4" resources="0" hitpoints="1" >
          </rts.units.Unit>
          <rts.units.Unit type="Barracks" ID="43" player="1" x="5" y="5" resources="0" hitpoints="2" >
          </rts.units.Unit>
          <rts.units.Unit type="Worker" ID="44" player="0" x="4" y="3" resources="0" hitpoints="1" >
          </rts.units.Unit>
          <rts.units.Unit type="Worker" ID="45" player="0" x="3" y="3" resources="0" hitpoints="1" >
          </rts.units.Unit>
        </units>
      </rts.PhysicalGameState>
      <actions>
        <action unitID="42">
          <UnitAction type="5" x="5" y="5">
          </UnitAction>
        </action>
      </actions>
    </rts.TraceEntry>
    <rts.TraceEntry time = "170">
      <rts.PhysicalGameState width="8" height="8">
        <terrain>0000000000000000000000000000000000000000000000000000000000000000</terrain>
        <players>
          <rts.Player ID="0" resources="5">
          </rts.Player>
          <rts.Player ID="1" resources="0">
          </rts.Player>
        </players>
        <units>
          <rts.units.Unit type="Resource" ID="4" player="-1" x="0" y="2" resources="17" hitpoints="1" >
          </rts.units.Unit>
          <rts.units.Unit type="Resource" ID="5" player="-1" x="7" y="5" resources="19" hitpoints="1" >
          </rts.units.Unit>
          <rts.units.Unit type="Base" ID="6" player="0" x="2" y="3" resources="0" hitpoints="10" >
          </rts.units.Unit>
          <rts.units.Unit type="Worker" ID="8" player="0" x="1" y="3" resources="0" hitpoints="1" >
          </rts.units.Unit>
          <rts.units.Unit type="Worker" ID="42" player="0" x="5" y="4" resources="0" hitpoints="1" >
          </rts.units.Unit>
          <rts.units.Unit type="Barracks" ID="43" player="1" x="5" y="5" resources="0" hitpoints="1" >
          </rts.units.Unit>
          <rts.units.Unit type="Worker" ID="44" player="0" x="5" y="3" resources="0" hitpoints="1" >
          </rts.units.Unit>
          <rts.units.Unit type="Worker" ID="45" player="0" x="3" y="2" resources="0" hitpoints="1" >
          </rts.units.Unit>
        </units>
      </rts.PhysicalGameState>
      <actions>
        <action unitID="8">
          <UnitAction type="1" parameter="3">
          </UnitAction>
        </action>
        <action unitID="42">
          <UnitAction type="5" x="5" y="5">
          </UnitAction>
        </action>
        <action unitID="44">
          <UnitAction type="1" parameter="3">
          </UnitAction>
        </action>
        <action unitID="45">
          <UnitAction type="1" parameter="1">
          </UnitAction>
        </action>
        <action unitID="43">
          <UnitAction type="0" parameter="10">
          </UnitAction>
        </action>
      </actions>
    </rts.TraceEntry>
    <rts.TraceEntry time = "175">
      <rts.PhysicalGameState width="8" height="8">
        <terrain>0000000000000000000000000000000000000000000000000000000000000000</terrain>
        <players>
          <rts.Player ID="0" resources="5">
          </rts.Player>
          <rts.Player ID="1" resources="0">
          </rts.Player>
        </players>
        <units>
          <rts.units.Unit type="Resource" ID="4" player="-1" x="0" y="2" resources="17" hitpoints="1" >
          </rts.units.Unit>
          <rts.units.Unit type="Resource" ID="5" player="-1" x="7" y="5" resources="19" hitpoints="1" >
          </rts.units.Unit>
          <rts.units.Unit type="Base" ID="6" player="0" x="2" y="3" resources="0" hitpoints="10" >
          </rts.units.Unit>
          <rts.units.Unit type="Worker" ID="8" player="0" x="1" y="3" resources="0" hitpoints="1" >
          </rts.units.Unit>
          <rts.units.Unit type="Worker" ID="42" player="0" x="5" y="4" resources="0" hitpoints="1" >
          </rts.units.Unit>
          <rts.units.Unit type="Worker" ID="44" player="0" x="5" y="3" resources="0" hitpoints="1" >
          </rts.units.Unit>
          <rts.units.Unit type="Worker" ID="45" player="0" x="3" y="2" resources="0" hitpoints="1" >
          </rts.units.Unit>
        </units>
      </rts.PhysicalGameState>
      <actions>
      </actions>
    </rts.TraceEntry>
  </entries>
</rts.Trace>
